CHR	FROM_BP	TO_BP	NAME	LENGTH
0	0	10042000.0	0	10.042
1	0	10043000.0	1	10.043000000000001
2	0	10044000.0	2	10.044
3	0	10045000.0	3	10.045
4	0	10046000.0	4	10.046000000000001
5	0	10047000.0	5	10.047
6	0	10048000.0	6	10.048
7	0	10049000.0	7	10.049
8	0	10050000.0	8	10.05
9	0	10051000.0	9	10.051
